[
 {
  "path": "/packages/iot/pahomqtt", 
  "ver": "v1.1.0", 
  "name": "PAHOMQTT"
 }, 
 {
  "path": "/packages/iot/cJSON", 
  "ver": "v1.7.14", 
  "name": "CJSON"
 }, 
 {
  "path": "/packages/iot/agile_modbus", 
  "ver": "latest", 
  "name": "AGILE_MODBUS"
 }, 
 {
  "path": "/packages/peripherals/at24cxx", 
  "ver": "latest", 
  "name": "AT24CXX"
 }, 
 {
  "path": "/packages/misc/samples/filesystem_samples", 
  "ver": "v0.2.0", 
  "name": "FILESYSTEM_SAMPLES"
 }, 
 {
  "path": "/packages/misc/samples/network_samples", 
  "ver": "latest", 
  "name": "NETWORK_SAMPLES"
 }
]